6001,https://www.simplyhired.com/job/05zyUdRAzCypMJJv5h3f0keiASvfEFueQlfIMmPfDag6jJdEat519A
6002,https://www.simplyhired.com/job/egqKjKRkA_PHhO1sbEgpp2P1CLsGTJicYXptGQ11xhXmNwzjglP8NA
6003,https://www.simplyhired.com/job/0vpAzIRFzyCIq03ZHlekrTIPARW1kqV00OXuKjZg7yEqSrdm1dIRtw
6004,https://www.simplyhired.com/job/qr1tBhT5biXDU26H-uKI4G7jVvsIn90s99TWU1XQcl0hzxBDeI5aDQ
6005,https://www.simplyhired.com/job/M4GsmyLkcm-ko8kOXXmWfwIeI_7v1z4cnlRZqeB34rf0024rWpTiGQ
6006,https://www.simplyhired.com/job/HkTXf8TJbJWX6hoVB-7oRzcdhQ8DosSWAlCxeZgrCwyHOvugjkrzuA
6007,https://www.simplyhired.com/job/pujryfiMVA6aWIgUdifDjKwRPSknxShwhd7oJa3TeOXpz_IBRk9ScA
6008,https://www.simplyhired.com/job/QK5NpArlrVCRTuN7h4U6rnhwjvt6P1CcIkzYQp9C1RA0cqAjplYvFw
6009,https://www.simplyhired.com/job/a1j7ptlBi1_O5s6r_n8ald2bqf0DQm58k-_jZB6aCgBRJyGVBGrKbQ
6010,https://www.simplyhired.com/job/2FOFOoU2BiHDe9EAPvfhyTYyaq34Aj_MjBnXQfgL1rHWL8WjxfZx8g
6011,https://www.simplyhired.com/job/W3ViM7qxbGM_8ps-R-E4UGqapXPfaHLVvPf_xFJjqY1U-IjP8XzhhA
6012,https://www.simplyhired.com/job/nKpewWsPIzwlNpGRLQ9rPXv6-5QYngj6olf3-RTg-RIWkcwC43rZOQ
6013,https://www.simplyhired.com/job/DTwFTEOQYtveMnwYU3pjxjOxcF1D3wX-ytDSptEnK0XvjbmIGvlhDA
6014,https://www.simplyhired.com/job/OMMhEwV2MNNJYnhTotaIXIY9_vIWmcgPyBtyQpOHg4-ddyuDRQZRWQ
6015,https://www.simplyhired.com/job/MMFsf9HMje_NIgdpGC5A79uDSHvqveus8mkJnducEikIZv7uBqu8PA
6016,https://www.simplyhired.com/job/-qRVkIaHWqDVdg2g8H1d4_AVAMviYrXhzxPYbM2AfCYf_OTH7XXIVw
6017,https://www.simplyhired.com/job/GV0SKahm7oElD-2O9Xn3_9e8e17-N2AkfvbTJ0GROAtEnq5CSswL1A
6018,https://www.simplyhired.com/job/wUVZILSy6ndWQpgRyjzBhlJ55pVDnL1JThVDrp4IaeOOWynSFPaurQ
6019,https://www.simplyhired.com/job/-af04cklqIB2wD-0qtGcUxaDq7XBN1kQTe3kFgESmEkuxYM7o9f-Gw
6020,https://www.simplyhired.com/job/Rxo2MDxmZvex39edf7LP3xikCkW6M3oZQFgzw97HU_asRiLDnAct1g
6021,https://www.simplyhired.com/job/bBghxsPEfXEMrhMfTc4VxV5LlJsIhuBVOIZmqMr5n9ndSHhSrlmItQ
6022,https://www.simplyhired.com/job/OUKK5lfWma4ekQ_qOnGzYgCxuJqq0tYB32j4Z3_lkE-kckZrPw9pEg
6023,https://www.simplyhired.com/job/M2cyuR86BbdbQYOw6iOwKH5NtnkHU2e3kScqUXpVTELjhXyJUtWaJg
6024,https://www.simplyhired.com/job/u3AROAMm6ys9MG8qhxOXer4QSeRVRHAQ-Qqtoc0BvQC9MzXqFqUKjA
6025,https://www.simplyhired.com/job/01QunD6MdNz5asZsQ4fXjz3RZIJjDyp6a4insJA0JLAcJ3dTew9MRg
6026,https://www.simplyhired.com/job/CrC2_3dM_y1H1I6paB-Ze9z4h6yV43PetKBhwOS3eO6rVvVpo5JRQg
6027,https://www.simplyhired.com/job/G__y7nAXxcXC1Gopn4uPKEfyZkE6HYcC0-yOkTB_gPkH1bqbCpvqJQ
6028,https://www.simplyhired.com/job/otb0d4FdgsUfTCAxYiCe8PrebW5Q-sqhVsa1z1CQczH3U6LO0jA-eg
6029,https://www.simplyhired.com/job/WTHQoc4IS2xAQPYf9TKC3JJhpdeVVpWouAWpwotBM5S00vFc6JiifA
6030,https://www.simplyhired.com/job/BEPBjPJ66HDZGWR88xbTnu-RX9P0bk4g5YIbZMWKYfxkwqNdFYMfRw
6031,https://www.simplyhired.com/job/Taq4d-eJ1uYpRsIXlzHwDN6zyVPUQ0LGnrE1AamROhw5OxTItQR1Ag
6032,https://www.simplyhired.com/job/RPdRIJLp29y9-4hKira0dINu5moZuPc1Tl3bEShVdqRtS0YvTQGktw
6033,https://www.simplyhired.com/job/ZfkCBHnrKZwWiQsApZY7aWF6ahyKU-Pgz1PfXAWAQkpTyQXjBPTW0A
6034,https://www.simplyhired.com/job/0OY-x3MmBCEjsIINh2BWUSlBvq8Q_vjr1bc5ZMSidGpZRIAMz_OI0g
6035,https://www.simplyhired.com/job/lJQAbxM_ymEiG7hXw24doEm3QOmiekBluIoViBHQlpHT2eYTFWNTwQ
6036,https://www.simplyhired.com/job/l7APlfTSrj06KyqatGFZ4t-BFrsm9m7PySdKtK67XhMch58zdzOAzw
6037,https://www.simplyhired.com/job/1FwI_ZvxNVLcLdFxaomVjI79FWSmpUmSHYtQLLCHG5-q7aQGQyXeAA
6038,https://www.simplyhired.com/job/-_gOWj8VOW1DruKrdqr85qXTRrUykHSCaGxog8_zJ9AFWllZux034A
6039,https://www.simplyhired.com/job/L6o2wYhQRDcJJMQpHUfixFntENZCtbEtqTdiS6xcXxkqShPaadOyqg
6040,https://www.simplyhired.com/job/ytej7JskcNdXTL1lCZhufJUbZXZ0uKaOTVMbq5j1BbxaqGCjf0Racg
6041,https://www.simplyhired.com/job/RTrFHlKn9591GIvVNVMRfzabGafugMlXDkG7UWa88YAXfLstr-4rKg
6042,https://www.simplyhired.com/job/choy5St52LCqoka51qLLchmVhJPKDi371rywKyxqYsa0QYerIYl0Ew
6043,https://www.simplyhired.com/job/KByXDz2XbJKEDK7op-C4bxe9h6vG6RLNjWzXPcOIYtgUlHFrq1eJzA
6044,https://www.simplyhired.com/job/WhTwq0e1EE6BSLIt-QGwddB7Y2Onr6-TACz74gfCZLQVhvQCi-YBBA
6045,https://www.simplyhired.com/job/jRsP1WAzgAD5r9TYWPtuQrvYmDqwqkZja-ndjJtYmbwLLvajf2xHMw
6046,https://www.simplyhired.com/job/WUwPkhpTnuYp5yxY2qKD4ZOZBX5sOglJjT3UKiWOgB8a7Z0hak1UWA
6047,https://www.simplyhired.com/job/gjCaodJCFHosy1edj4AQ3Oz48tXkbbMcBL7eRSSMOt_Th1-SnNgN9g
6048,https://www.simplyhired.com/job/zAEfZD3UEtkpD1oTGfB44-WbFanOZcwiSJzKpFBd4p0xY-uUUb60WA
6049,https://www.simplyhired.com/job/oM4OgL-nMfLircqKRJpBgBaJLy4N0G0OvP_ocga4K4hjAZdSG-KJ1g
6050,https://www.simplyhired.com/job/E84BpCoh_9iEX3Xw_1RkilYUmamST54OUAJphzxSBi7-cz18fop7EA
6051,https://www.simplyhired.com/job/p6DMkq8dCHAZh-uFnKOkcnv7_7AzkcNfe6XUAVb2gHV0CgyEqdiXWA
6052,https://www.simplyhired.com/job/08Ft4pdruNE9IuxXIgTonJ37-KiRXJbcP-0jb_sr-hHRgn9DIzqovg
6053,https://www.simplyhired.com/job/Pu54Pvd7aAmB5ZvHrOD3HUMeaU4wNrR7hTsUSHJxkJ23fvfgQnV-_w
6054,https://www.simplyhired.com/job/5Xb5hN_VihOPX6d-W6iVu4D6FFOj9rm-TaJlYk_Qx09Lhkz96zneIg
6055,https://www.simplyhired.com/job/lZ4sPyFbBYKn70BOY3YvQOdMSUg9jpgy6azCGdk0xz4IYrfewyUqzA
6056,https://www.simplyhired.com/job/7KuXbgujVZ3bV5sH6-fwh16oSWpxVVM7ZW1AoHaj7W_mrL7HeRSnHw
6057,https://www.simplyhired.com/job/ogdVbJ3S3P5HE5noxhhAjGhsh_I6IHHdk6TP-IQy2Bzv5NiWgQEJ7w
6058,https://www.simplyhired.com/job/JiYp2QvnDLqPFAzN1w1hO4VJs8RUo7PZ5p23RRZy6ozsgDgDx-BWBg
6059,https://www.simplyhired.com/job/etnhC9gadWzq-f9DLpbVb5haJ9IRCeNK1wfw-i7iH_k2C2KBl3VHlw
6060,https://www.simplyhired.com/job/gO6RfJyrnRt2tAlP_3SKKx5T3j9_df1Em6mUWpM7myWArEdCh_97sQ
6061,https://www.simplyhired.com/job/0zVvOMtiQjfnLpx_kTVLrXiyVWHaSZcEnhgIMmVuo1H621URvsjL9w
6062,https://www.simplyhired.com/job/5wlFBH7K3MFCA4mz9JukUeANfwE9R6Laep4_tL8coyPUHYzNnvNE-g
6063,https://www.simplyhired.com/job/wiBjwAxDCUIvbJupIOvNqYkl5wDuZm75BPizFrYV8AD0T7MXafQSLg
6064,https://www.simplyhired.com/job/7GADHFn1OqRpQ257PicN-2bmCQCW8_gwLIroPstF5lZ00wPXY_aaMg
6065,https://www.simplyhired.com/job/gWNSuHVlzx771FU_nSqLDUOpdrNICDRut3dTGm8xTCZjIayghIifsg
6066,https://www.simplyhired.com/job/P3NqbDQ7WDAGY-O2JqI8slHPN72rnYL4-pIWKjZzz4wu4RUAqWDOdQ
6067,https://www.simplyhired.com/job/TVb4SWa70FCkxdpB0mqpPwoupWgcPceyh9VP0y-QdGocTYla8MzMzw
6068,https://www.simplyhired.com/job/SdCyRxcdvfcfSQSIvCrTii2fj3IcyiUgpglkYE8dHoRmbla1Mt9k_Q
6069,https://www.simplyhired.com/job/rVbFgfTOfrcMw0uv1T0kt_kfGrvumb0qQKbGly-rZeVZ0wjVt8etxg
6070,https://www.simplyhired.com/job/n7TV9CuT5KbIOAvTPXx9eYit3SVh7Cprzcw2x-47oM5U0R4Pz9lVuw
6071,https://www.simplyhired.com/job/Z-nO4Vz1rgbD2MbC_-MKuWy8aWk5zXMrBY43oXJx9TNRiGyKR_nrTQ
6072,https://www.simplyhired.com/job/M95jHUQYNRjpm67KnMo0Eezbzs6UqKJBhiSbmiQGKa3cD_3T2GMphg
6073,https://www.simplyhired.com/job/2qqpFX5tRUqfdpMXJx-i_I-S-ImsOf6Uv54pvyJG02VJP4jw_MKwIg
6074,https://www.simplyhired.com/job/G2PHNTtly1CMjNSFkCFyb-LSkbjOmN6MhqankHrT4pQZ788mv_REXQ
6075,https://www.simplyhired.com/job/f9-gyxZzCnI768-AxkNUjwDcBpeibMnSamAV6lSAIgF5fsXBKzNBKg
6076,https://www.simplyhired.com/job/BnrSiUV0YVOcBiZRO2ak1jzNb9IZfWufj3e0W1JlyGpT2L513EsKGA
6077,https://www.simplyhired.com/job/kcqOPRr7u0F3Pm7vS__8ldc_4_TORklfAgdLPwtQROu3zPg11Rnn8A
6078,https://www.simplyhired.com/job/SKIdnnRvDvFu43jZI_EAsCn2yQL4_W_-wOUKGLuH6855dSb4CJtSXQ
6079,https://www.simplyhired.com/job/A-moTooXOaI_0c_3XTklXy-pP-4L2gI_KpqvbATStjq2zDAENsHADg
6080,https://www.simplyhired.com/job/UMg7WWSdqyqs8Is4brVaXQ6XGC3lpYFMYZdx0D74mw_I4FUlsBtoNQ
6081,https://www.simplyhired.com/job/-pmQVr4vC7fKaoYDGHhbsETIpC10N_2b94exxe5NyRxPnT-Ur5QJyQ
6082,https://www.simplyhired.com/job/rYMTnThzi4TpKfyXEs3R6UZpzDpL8yQHuqhx5UogyReOS7ltJjVDWg
6083,https://www.simplyhired.com/job/NBhFjwrRC63fYardrhJa5talibqDml5EHtzpmAQkIjyc31YFJWHgTg
6084,https://www.simplyhired.com/job/GAWqI5NlX88kWkznVwL8bxNb5qzOKtiqaJmFLGiLa7wSmFCKqwkuew
6085,https://www.simplyhired.com/job/6BoEHHMrPBqlmYp6Q4JrW5MUR0ETYwRFmckYUwd1CgFDqFYGwWEZCQ
6086,https://www.simplyhired.com/job/4RB7-1-wG02XllGZ_PC5huTOD2RAGjOf4J7MTfB2hEKXB5TOvU2Afw
6087,https://www.simplyhired.com/job/LV8pmJCUAkbnujtyTyyC9z3VY8Hxk0lHCLIlNE14kf01imbNOd11Kw
6088,https://www.simplyhired.com/job/IVMBFbt6RYclMvT4z4ZmOuP5jQSpUk8WGzW9sak3Cs8zINwrgL2GvQ
6089,https://www.simplyhired.com/job/xN1SZaHfgguJ1RaXZnd9p3iCmauzz2lerbF3szNwg-NWkDetN8xGmw
6090,https://www.simplyhired.com/job/1AuGyjfxf-CSXcuEhlXFmHQiAoPf9_onWQzshL8oYBVKaQkDNqPUzw
6091,https://www.simplyhired.com/job/Ab6fKIiuXFvV0LTRHC9v6Nb2ApzarWdEFB0cbtk4o3IoR0QyC5rx9g
6092,https://www.simplyhired.com/job/xWwtiPp6UG0M3raaZDWyrPZHNs079fkxudTrMwXPtfBbsKG5j0Qm4A
6093,https://www.simplyhired.com/job/OfBs9iyj23enj6yJINjAuwz-ByEukh8qe-Omc9Wi1vmhPN3RB1bmNA
6094,https://www.simplyhired.com/job/F5nwZ56G7PNvtcB7yjNXlFf1R7bUhuF4nALlBbHmvoXrpe9_GA8MMw
6095,https://www.simplyhired.com/job/Q-mtz6IVe7_UFA6DK4dbxE9xUGimc-SMkw6m4ru387GSHHb3mA3eEg
6096,https://www.simplyhired.com/job/_JX4raRFrEMO1yXUXNAbQRki3oh60BgxJVnavSnuam14Ac_9fIrFPg
6097,https://www.simplyhired.com/job/0MoH_-GEGUWGmOR-lazV5W0L21b2uKE3EnhT9QRDxm23JJDp7yHslA
6098,https://www.simplyhired.com/job/S4U-bOVLmVKL67m9QD506C5DKL1NivJlbdURwVM0fWpvNg_hB__ZsA
6099,https://www.simplyhired.com/job/HRe9xcrX0YleBTURDViwDF_lP8VokPSTi9GAcfRo1PkGeXLiWScG0A
6100,https://www.simplyhired.com/job/pvQkRORTnHJkjA3VgkilAcL8-vrXGJtKMDq8SjVJwXjSDnn75YAJ5A
6101,https://www.simplyhired.com/job/_EyBdFNgQW1hUvdwIdZVH_y0MpYd3k7qYlG--0UjyKqKoixtG9sB7g
6102,https://www.simplyhired.com/job/sHdZF27tNNP0qKcKu_pF1fadB5PtQtqVaoarAH0KeUUJjg73CyTUKg
6103,https://www.simplyhired.com/job/_G4Ds6YOMdjl68WR-kdGrodFMiay-EAkTrAZtvnGxd93zpe5DS9iCQ
6104,https://www.simplyhired.com/job/aFfT4Q7T-dh9Vv6qCAjhek5VDAeEzBQxcE6p6B3mtk95lRKFYNowgA
6105,https://www.simplyhired.com/job/j0zh0XA26NMdBYF9jdyzhilg7eDhhLSML-yNQlVt2iOqVX0SZeH95Q
6106,https://www.simplyhired.com/job/yQDQUKT2r1226kxj8PvcoLcwzK4BnMitEaATia7sGY9olNI09Mg26g
6107,https://www.simplyhired.com/job/8-XwI_7AA1LAlrpxwcuGSUSVlTWg_AX0zF6ZJtUbAc2AaL1b3Aibbg
6108,https://www.simplyhired.com/job/HodV0sUpBPeULueqUaAlvKjqkYtdXrjmE6nkrirSnjrhje3Yd6-pnA
6109,https://www.simplyhired.com/job/y5QvLfV8WkSG-sfFJex9362VWKq6D6RdGwlzLcakguInGIPaNe7BNQ
6110,https://www.simplyhired.com/job/-aAKG6M-Wap1ojcYzVAQ6Xd8whIUuifA5USer7Vc_rF6QSSds_rYCQ
6111,https://www.simplyhired.com/job/2tOjmX2k-76Uudl33lcj9YrOEAiI9eTzMMdhxSH3Y35RlWl6kbSDWg
6112,https://www.simplyhired.com/job/XuFAAbQStTx2_JD3i46HYvvPRo2iI4NxgdF6KyGlx7RRVO1afw0Mhw
6113,https://www.simplyhired.com/job/_nkQfRarBDmcJi4T1dUP1PfAD7-A3PkMK3WOzAtgdDrrvSLrMeY9lw
6114,https://www.simplyhired.com/job/CrAhGfXmO-ZuCRXwC3kBAMIEkghQtA4tHMK1U7_-uV5RGEjr7SPPog
6115,https://www.simplyhired.com/job/b_Y0nJrKlJCFBZQlUeUClkgW-cTPT27wiOPreZ5aMloexiNb_lt_Zg
6116,https://www.simplyhired.com/job/XA7KZobT7FBdjxJftb9RTKMT1n-BUE3EFhyFgbi8E37Sb29I-7OZAQ
6117,https://www.simplyhired.com/job/IRpg6-4uQ0EdCLTrm1LCbivddtxAdhfcjsaTPqJzsALIL5NxAUzB8Q
6118,https://www.simplyhired.com/job/vKV4ey188BR1FLZjEc_SxxveWjngqBuZrD5uTFFsXf0Rzl6isJoPjg
6119,https://www.simplyhired.com/job/HhmChLvUkjGN4gBr5RGdYcBi5-sF488YO3n-gdH9ue3_vAKeXLt66Q
6120,https://www.simplyhired.com/job/OgOvUighzcHWC5xLD8s_Ccwe-4Z7xdqeNarJ5YMQOCDEaHbEOTl-bQ
6121,https://www.simplyhired.com/job/lSXiib-LYVfEf0kTqwUrqqtDsw8SgognzoniTFDYn77AUShsldj_YQ
6122,https://www.simplyhired.com/job/g7Tfvo3aGkAlr2Z3AhX3S5_ph6lxsfAFZuZ2UI10rORUGK-a_YgyeQ
6123,https://www.simplyhired.com/job/dZs3CfZOK6kaHBv1b26nDdFcIqG9M1uorynPjqMEK-5qPUR8ofsEvw
6124,https://www.simplyhired.com/job/4syVRphvyBcxPncyEnXYXdzJimWEIYfrtLCPKbzRoG4iZan1_pCmAw
6125,https://www.simplyhired.com/job/dwhiDHB5By27ISBsTpNPhNoV2yNPKR_uSLxviVFc02G2Vl44enUwsQ
6126,https://www.simplyhired.com/job/cPO6oECTp6P_w46l1muCJ7xaB07Caq6ZUVpuwL63MCy0edFE2FBKLA
6127,https://www.simplyhired.com/job/uYPXRuwAOIj1Ff_E6bgwbcnXATFuNJaiQdOliOspqnvbwLYjF32NHw
6128,https://www.simplyhired.com/job/OhOlDo9BddeOWuV1Y5l4wHA-7lfKB5cv-CXBYr_A_SU9TTLl6xV4mQ
6129,https://www.simplyhired.com/job/oYXPmVlrrU9gKx23v15NnqkdQ6l6bmm7PsiAQ7J97ejcbKi6UMaOlQ
6130,https://www.simplyhired.com/job/MfBBjwpqgGAsYW8jwF9249xDAbX-107Vo_cjpRndEgyCXFRr8cZN4w
6131,https://www.simplyhired.com/job/-pPoemrsaA_yC_3Rwy4EG5GsjZZ6h_p3YYDSB7p-iF6XwvGLImFBgA
6132,https://www.simplyhired.com/job/yufOHoDIlNi5BFOUIyWXBHWeSn7P0JMlXEgvuVfIN4sjfktksf5WfQ
6133,https://www.simplyhired.com/job/tpPcJmKkR4bvMWMtXr5JnhBWPPubBY176fQZnI0OTSIlDQ4lzJSgDw
6134,https://www.simplyhired.com/job/btQDVQ-U3h8OAKnG6fc3nFIIh80AwRo0vJc_dIZ4_gI8nmBWMocEjg
6135,https://www.simplyhired.com/job/Db5qTw8KgomThzqrAnLn7c3uHME4RQorfk0912Tv7vuMFxjri_ZvZQ
6136,https://www.simplyhired.com/job/DpMxm8fpoSwgA7KQ3uGbEiNYDf4Oky0XA7T-WiG4QBhMFVXFqxCpag
6137,https://www.simplyhired.com/job/vIBrwCdvRLvgc7q4294WvqoSD5-XH7FQMhrbFKRhdxed4sbXlEgD4g
6138,https://www.simplyhired.com/job/_dH6zlRRoXuV5Kwz6rhUoVfO2j-bFLAi3mJ1fXL7zqk4EQuzGAbg8A
6139,https://www.simplyhired.com/job/nX93Ji2L8-2IltGwapqf4eDe4VW4co7tEgJuR8VypnIKY8Bj26NX9A
6140,https://www.simplyhired.com/job/IP2omwTCg3xRFBercir2w7WUH0OSmdsctTaTLQCuYwRIjwkX5KBpnA
6141,https://www.simplyhired.com/job/YcjmVIJMbgYxI46_7P6pZFxhW7FbGUvOY7m5uCXVpI0ZXo-YuXEmOw
6142,https://www.simplyhired.com/job/DBKlgnd69gLgamWlJ6LzsLsH1aPSa4ZVQt9nojvvlTjAPI9TELpZgA
6143,https://www.simplyhired.com/job/LktWpiW3vLheaXniegImNkwEXP6uG_rUaBNRLwsNPuFebtadyTAqdw
6144,https://www.simplyhired.com/job/bWApA1uoTxsh2a75X75wciPPosQpuwLPUtpHSzqUyleelCj_FmaFIw
6145,https://www.simplyhired.com/job/C0na506wDslJ5BLeiM9TTKujWNZL5tpK_qdt9ESNzDuM5AZoNqk05g
6146,https://www.simplyhired.com/job/Gj9G4zs98oLaeNB1MBt_D9PfeIyGbHsScKx9dOXWTRdQSV54KxtLQw
6147,https://www.simplyhired.com/job/qCEBjZdnQIYoO_jdt0Bcw-ppNiQkfIxLjD61YdMVC9uB5qiQ62zwpA
6148,https://www.simplyhired.com/job/T4Vw7AJ5_GFYzLcJUA0fGipsNdiIv6WAm4LiOfWoxAXy0cUOByzEUw
6149,https://www.simplyhired.com/job/lkjuQnl2gdy1e5CMENiURo4uCQjvj6q-rC4RMRxdtYw8l4QBodCgdw
6150,https://www.simplyhired.com/job/FA3tDIjxx25y-kDVoais0oGiH84O3dqIb0OWWiMG3QKA7jaWXw4oMA
6151,https://www.simplyhired.com/job/uJg5BaRACYrthIET-iVsmNzU_pdz18dmDNib5aXWJpKBwpcZwJ6s4Q
6152,https://www.simplyhired.com/job/h9w1_DPz-hKvROEob1sKxvUrC0hL5XJ5sJnc7u2mUKidSWO1UaOhFA
6153,https://www.simplyhired.com/job/RcSIUuQUfBGHDzpzXAQx__RX2R3yo2a1c7IbKxs_iOzepAGQdPw7gg
6154,https://www.simplyhired.com/job/tfffMFYHjPJJJQVmaOQcv2sIjoneqdJAQ1NscKqZ-6m7We6ZIcSirQ
6155,https://www.simplyhired.com/job/JYJSJNtMB1P2y0r1_hMU4A_B_7JSHp1dyeni-yYJzORCDJQiOUStdA
6156,https://www.simplyhired.com/job/oukQp9jHhZLSfaCynT9tQdmf65opeRJJciQl0RyZOQzaKxyrq41TMw
6157,https://www.simplyhired.com/job/-iIDdH3DEAVPTOvobdm1u5Ez7tBkNMZsuWAcQPsb7bdBipoC7QpR6w
6158,https://www.simplyhired.com/job/Lx3qmQALO48t8Fr8y8BQCDptpEQF7W-hCH0Un58V9V67fFRiGbUOQA
6159,https://www.simplyhired.com/job/WETQgn61jzdjLTlEE6Z0VayVd6vrWxxa_NLZGlHnkkktC02gIeHwHA
6160,https://www.simplyhired.com/job/UvNowDNxhsWm5b9xDblnot4tVWtnR3EZmCHc89gyHs0nnzuGQ7XUJg
6161,https://www.simplyhired.com/job/8fp5MPNgtxI8o-ancH762XW3t5ADlNIjECn5UyreAlb_1wPC3IrusQ
6162,https://www.simplyhired.com/job/fNzO1wL_z4gY6reurNKf-0nmC-xWTM3QTzsX6JGIpRAN8shmUF8UFA
6163,https://www.simplyhired.com/job/l3gMVDv5J2RsmQVmqUGt1pfU5uzEXJEX4mC60j0WWFxE-eRBvyVAhw
6164,https://www.simplyhired.com/job/pMaGuoSQPNwanrhWvxhkFrhCIYA2fDDynEr77OTdRo3LYXp6x_d4xw
6165,https://www.simplyhired.com/job/XjQ2hF2K_g3HpFUJyy-lCegbGuHZPQhB7RS-PQjx350hSul5LyJuIw
6166,https://www.simplyhired.com/job/S7j6jo8AwiUqy6MABTKDYaMnKXJyL8a7Vd7qoLwtODfx6yespO9Qvw
6167,https://www.simplyhired.com/job/3NcoZTcEXAtSaCQd-MwtVBQL4iBvxxNuoMyt7ba-yfIK9j_1UsoAFQ
6168,https://www.simplyhired.com/job/FaMTzly6QnISja3AQUfUqTbZrOFJcjJ-UwYBupoIII_sXTy1-F1Ccg
6169,https://www.simplyhired.com/job/zvFB2UV4KqmNeNVnPS90VC-8W3ZYvvz6kLA79HOk9plQLGRNfFgnbQ
6170,https://www.simplyhired.com/job/22d47XoM9wytjUWDgRxUrdot1gBnBLS6AHUmRypnbxuNouoz2klxpA
6171,https://www.simplyhired.com/job/Riaqpgw0y439UBlnRpu-lcBgn0fjyISSEAEbLrsZrwYmFOVtWUI97w
6172,https://www.simplyhired.com/job/ThNsTda52os1PySAnEInqkbwjcQZs0y2Y0PzpcQgOsLejZiuhLZtyQ
6173,https://www.simplyhired.com/job/5r9tUesHbMrx2M2v96eLvfhmqfmavW_pRJexsp48J7JSBkAtwf9frQ
6174,https://www.simplyhired.com/job/mhAjRCsCgwiqsOxQlIWHkLIqcUzTf7Ve_6BebPUVZ0AI9UURuEkEFQ
6175,https://www.simplyhired.com/job/3yj3SZgcok8S0LQQ9Laz2l9bVFaA7AtXd--L3rImIK9UOFYF0tT1nA
6176,https://www.simplyhired.com/job/7MbQmn4gpUZQCatHBTXz6hoQCXTD38aByTrpoLblSYk9oRbBgVhpnQ
6177,https://www.simplyhired.com/job/od3SWv6jT9BmSQLoCMWgrrcJpyEIIb9D99MD467Ue6wmWc3_2mTI9g
6178,https://www.simplyhired.com/job/WmZvLfya3fLYfswXP5AJlhTOCBs-CkYjyLtjqoN3znJwHcjehvZUNQ
6179,https://www.simplyhired.com/job/TYPesTUpLMOcFqDaKSv_RfltJVmREj8dTkPi4ZX-yBps2G8xioq_iw
6180,https://www.simplyhired.com/job/tOuIomoA9rbsLzgRYfE-nCOjvM5FzlszgkJNUDHEK-s73g20se_p3g
6181,https://www.simplyhired.com/job/8PMwzyO5dU4lNuT_cfpqCRDTwvDih3iCc5DGFY4CEPQ2hC_QJWqPYQ
6182,https://www.simplyhired.com/job/n5hVgzBF4IC6D-l3okFgsuQOTlRk2cddOyrKh1UW0WhXalM6lC8kZg
6183,https://www.simplyhired.com/job/7gN66WjPwVPOY2CTaAN9N2xuduj70I_5ZKyR2PlgXp6OQiYiswkIMg
6184,https://www.simplyhired.com/job/U5ALMkxEgGvc4A7bVoxncYzp96jHdQwn2nxMPW-XqFgUkS8fH4C7Zg
6185,https://www.simplyhired.com/job/67S_iziyWtEpiJjffNEziaiIW27hybh1fAdR40V2eAAnokPb_QoliQ
6186,https://www.simplyhired.com/job/VvVpX6zUUD1p-lQAbMJCs679EyNHgNqBN0KWL86e-GBgqElftpJAog
6187,https://www.simplyhired.com/job/R8gIAoi3JfPqUGbxyYEZNrlFfcT0L6b0E20vkETrN7AT3B4xNk3r3g
6188,https://www.simplyhired.com/job/7fxsvfK6HeMcRRpY7QPGZ3pMPl8se0DXrruwX5XZHoHW9M2j8T1eGw
6189,https://www.simplyhired.com/job/WagslIzu1-QZIQibPBilGimbhiH0h31cLm5BaBj608mBPrvEpUtAkA
6190,https://www.simplyhired.com/job/PCNWGWMWESrLiZYCLaXLyZ_6c_oblRdkvJ5RoO2oS_EoIKnLegEmcA
6191,https://www.simplyhired.com/job/WD1QE6goajuPYjiS_wU-HCmIV_PuypAfWebcaNChohr0doGYwI3iMQ
6192,https://www.simplyhired.com/job/R0zD0q-SPhM7oyxQLmPExKHd24fiAaiwEtnrIoaC1pELeShE2vO9Aw
6193,https://www.simplyhired.com/job/B-aQuwhCLwvIx0TcpEvAdSsAygRu-kkCV730AdWu4lcxKnu_gV9rXA
6194,https://www.simplyhired.com/job/NIJImSaVlI0qvO7WP5baiymna1XHRLWN6rrLl1izGIhTJw8HmConvg
6195,https://www.simplyhired.com/job/vuL0ZkNpJfSY_9GEUEKcKpncyYMAJsDHIJLRkY4TXykCEYeCMDRVSQ
6196,https://www.simplyhired.com/job/urN1dRlGyVvPAKrZx7MbyVLtQXyGHgTJyQe706025ZKRfwwjLeebjg
6197,https://www.simplyhired.com/job/nJdfwo0XQTGKrRpFjd_Ue5Ay1W3npXs6alrb820XdFy3C3tnDIUGeg
6198,https://www.simplyhired.com/job/CF9y90ELG9mCu7S_cMciZOz0bNhMIQWZegQweytNVxvE_Z4UKtcwMA
6199,https://www.simplyhired.com/job/dp5kO_0aaIb6rfzmNKq4Y-LFg1C_bXi-xBz9bDmu6l3VwgOeD5P6_g
6200,https://www.simplyhired.com/job/LZlqQf-_htn7LpA4BePmnI8Ass4Q_xL3wQ2DLbDGXLkbFd45NGAeMw
6201,https://www.simplyhired.com/job/5FtDypb8k0SPiAUhSViEg9B62GLI2wIp-MkHtt-claw0OrEfapMIfg
6202,https://www.simplyhired.com/job/gpTDtOJnrSv5tNqMALn5_lTMd1hFnUy-It9-FdJEAH6IFKzoCZ0KbQ
6203,https://www.simplyhired.com/job/3DD4Mw-7yr_EArz-T1b1HhyHsvxIGssHTuzoEe6eXAeKInKxulT7yQ
6204,https://www.simplyhired.com/job/yaJKd8pjfTLGc8Hcx20_Mq2niLU2zM9nYd4vSco0Fni8EuqxlGFi_w
6205,https://www.simplyhired.com/job/XZAnf_XIoCTAvY6j80B8FhCrzgfQev_kVWTwTv6lU6-JPDvalAIFpw
6206,https://www.simplyhired.com/job/IJRwOY1SgfweIUAsNj1PSx_lGWF1zP7ajl5kFc_qY1Bq7bkz_dx66A
6207,https://www.simplyhired.com/job/-hjZ56s_qiSfiEzd3O9RgZIRKDhRub6uizVQUGpCbKsHcSEkjIfjmQ
6208,https://www.simplyhired.com/job/xB2CFj6DJUej4B7sMhgKPUSfIXv9zA0WkxQ-_sOhqH_cZt2Xiy4L3w
6209,https://www.simplyhired.com/job/_Y8q8z_bVZMdOXjQA9th0rMbVQ_yRmbyVSwz3p1OMv5VY6C_TLNJHw
6210,https://www.simplyhired.com/job/-2xV9Sv9ee6RjwYLZ4j8wfWSTxYXcOd5kBV6k89l_iaoMhiIOPn1AQ
6211,https://www.simplyhired.com/job/BlFyudPhpBSK_lvtmOXaBu-NL9tgam0N2I3EqSsQtArTzk3FedVI0Q
6212,https://www.simplyhired.com/job/mTXqdL-E36Ya4f4th_9sLcrJGzNFP_ictVje8azahGVrz2fNnaXpRg
6213,https://www.simplyhired.com/job/Xo29knP1kH2x_SIdB96eMELRwBRKjfuERErmtpqQXUSriVFV9BUY0Q
6214,https://www.simplyhired.com/job/AI9I2J_go7sIzle6IN3w3FAX7ExvfWxKWCLx38t8bci-oAl3EF2OVA
6215,https://www.simplyhired.com/job/sO1h_-hiD4bUB1BIIf9WNRQLeNU7byDRUJJG7k_wW44QRHDg-aeZgA
6216,https://www.simplyhired.com/job/d62rke9RR4J_djQgyR8Ju5ztcsO2Qq4ea-YA3hQxnLGxjtkmg3UnBg
6217,https://www.simplyhired.com/job/xPnRPEO9iI34B_KimbpX-JUuOu-6asY9SKhqIRJV2BOLhrK1vpHkjQ
6218,https://www.simplyhired.com/job/zdfO27YHM4eojYwkU0rc32TeKAH7DLzpnbCQc6SNdFL_N5FFo4KsGg
6219,https://www.simplyhired.com/job/sxRKqLBSn-UlqhDH_VKhgtU8NKerBGOBjC89Wq-QC-v12YjCJm3MUQ
6220,https://www.simplyhired.com/job/m26Mpi3N8ioJ_kLjxRJrj42IK_AzNPx7jMzysqVrMEHztadh1FeEKQ
6221,https://www.simplyhired.com/job/SgsEvGp36l8_l4vcN7XJ3vNgGENg4JXAlqdLJr1hK8Ntym5YuUHCpQ
6222,https://www.simplyhired.com/job/FPq1LpDY6J4y0jWqv6ntXq0IV3hkSzaEWjw1sx1NKebDqsmJ_zmfSg
6223,https://www.simplyhired.com/job/gKIUhjgc5xem57HSJR26CtAxwsigTp752cAvMTdD83aGsWijSvv5Ew
6224,https://www.simplyhired.com/job/Z0CmRatD1OexzbXXqwMsEXu6fs68dpnVtQh-3AVBRnTrt67NQwNK4A
6225,https://www.simplyhired.com/job/DoxHScgr5D9nspGAqPhO-KVoUsbgSRQlVEF0A04ZJ02HWR6M7jUuyA
6226,https://www.simplyhired.com/job/SvcxHMBgzmpnOJnNLV9u8VHvxMdVpAjY2fkfRbwD2vOosP2OHXU3Tw
6227,https://www.simplyhired.com/job/X7SljWVOyfQILZf1Osreze4kiJqu1OkCkWuIRRBnH1Rei8SR5GxOIg
6228,https://www.simplyhired.com/job/6CnASa07aRWEYDnrTErBfMRoE2ccts0PTdNhEsSceH7Wb8NbDLVxSw
6229,https://www.simplyhired.com/job/mATia1GkvZFwWnIEB-iwr9sY_7vKGsT51B_gLRjDjgLtEPijX5G0Mg
6230,https://www.simplyhired.com/job/S_E3IszBmruivmuTcYaaCix2itZryGl6ENhFfC2ree9DksSOMpdJDA
6231,https://www.simplyhired.com/job/RvVVLA3TCeNXiXlA1PtMXOCZl-I8FLrEBKJhUA-_56vsegO0WZkKog
6232,https://www.simplyhired.com/job/NWYjjlNyQ81r0vZL_Ox3U-SJ_QDSCwZ97fqwhd4-zL-VajGVYhBUMA
6233,https://www.simplyhired.com/job/9ZIr44pbyIP_fQpJHhcCJV8NPS19quIWYJTXUnUXLlG0MBYozy5bzQ
6234,https://www.simplyhired.com/job/1RFtRT5dcEynDqxNhhPB6L0DosRS9o36H_oWWK74joiOAH0OJn0GQQ
6235,https://www.simplyhired.com/job/RR4CAR8jW9SjwWuOBwyVa3mWG2gJr6YnaxwbI01f7Euop32qpF09Hg
6236,https://www.simplyhired.com/job/fGqRN4Eja_VCRGTd1DVEhibuDBkkvaDDwRZt5faV81kKNxjIyw5rAw
6237,https://www.simplyhired.com/job/dGb66kTxa_eCX84aFZZmoJMe5cNLQDRJAXqCjcvjWFjheh3G95696A
6238,https://www.simplyhired.com/job/Qg5wByOcNMsrVhHD585AAgx_c1kVt3v5PDXiUWMT_q_kbbhyG5hKqw
6239,https://www.simplyhired.com/job/uu0BTg_SpBn6jFMitd05CmVxNLQJHbu6S1EHNIMphdfFiD13rZgfTA
6240,https://www.simplyhired.com/job/eNI7OiY6-mkPrd-3wv_8aeUKjq9T1l5PX9mNGEZA9Kxda1D0hdobaQ
6241,https://www.simplyhired.com/job/o-lVFEOB6D0var5k4jF1h1yxIAjCkLVy_xt6w_DFXgXJGS2Uj5HHdg
6242,https://www.simplyhired.com/job/kGs67hWdcfSxln4PHZ9hESB38kH3MjV6CXje88O7HMATmWtf19tIZg
6243,https://www.simplyhired.com/job/D9CsIzxZK76M2z_EbuQZ2w3G1nT0wwFmo9HGxm7o-sSy3fuN-wEwvA
6244,https://www.simplyhired.com/job/FHifJrla3oR8FvlBODdZuE_AXP7VdgyipcutrDt5GPX9JxoDs5TFbg
6245,https://www.simplyhired.com/job/PC7a1Hqzu8hXZF3ylxAA-RyzzJVlEpe8yBPdSu8qd1R2Ms933yeEOQ
6246,https://www.simplyhired.com/job/EjNFVu1x5RVdUr5rxzghi40kdHoU2PakfK-k0tmvJSB8cCVmx-PtcQ
6247,https://www.simplyhired.com/job/tp6eQa9dV4U7tzH5bM6Xdqz1JD1B5qBJNJo4wZ_SgdzJl-3Pvuk5xQ
6248,https://www.simplyhired.com/job/9QC1hln4U1QJd29Jp9UZ6dWbR5SVUBoDAqCvr-mYmE61VeeJy7Z08w
6249,https://www.simplyhired.com/job/7YTK08W_2mZIqWXp0Ju7jRzrUc1OJ388Re-V1j08tRNoSNoIKO9UWg
6250,https://www.simplyhired.com/job/E_dSR7PeWxMZC36HO1iolm05oHqbOKEYierGk7Qjrgkwoke4SYkM7g
6251,https://www.simplyhired.com/job/swgibK-T8d5V0jypvZMSdetd8wmVes-TCCGxj-BLxiDdkCpr5lbxsw
6252,https://www.simplyhired.com/job/bRgS0k91HtzOCIyFrXegveiSolaFuIt4xobJdxt4QsrwsI-ozPNKzg
6253,https://www.simplyhired.com/job/MP7d2o6xThtNuYuhSOPXE0kKJRbMUBJoXRPsCfQKfRsyHYrPFy347A
6254,https://www.simplyhired.com/job/ej57yE_NKuo40LlBsCvDwrAfluH4oCb7cFvoDbwTQjA15ppcWbhYxQ
6255,https://www.simplyhired.com/job/tWGNo80CZqEHuopTqQnJBOA2KHKWWaAsCho43CCIWIuJRohtpQfRPw
6256,https://www.simplyhired.com/job/iY9kWagtjW3Zg82-RpRb9bvSkGWYVeOc0VsfOOgTn-m0tofISQTJ4g
6257,https://www.simplyhired.com/job/3LX0rnKCZL90Ed7a48-Lf5vouXyrOo0eumgjuJH3NMJjDHmckFgTCw
6258,https://www.simplyhired.com/job/iJi_8lC12ppaPCJeR0SaEfx-vyYElAg2Z0jWETpfiRlqb_hXsy3EgA
6259,https://www.simplyhired.com/job/lQg7k6m9qD99yGF7X63qlVuOSg-GPYx8GZdk-1pk6Br2Fmd9FalPyg
6260,https://www.simplyhired.com/job/Riu-5qlSxhywrHvXW3jJ8Q-ksxyTXwjFAZ6I7IeuEvyYC-BQtMOTag
6261,https://www.simplyhired.com/job/Xs5-lrBaj_SuRhrHVTS7A-3AENsGFr0owDKdnhyUjNsg74PDc8WIEg
6262,https://www.simplyhired.com/job/GDG4xwF0h83-nOZ_GAMNDaAaH-BK1tlunlSDFg5Fw7zs39UMLpyCmw
6263,https://www.simplyhired.com/job/ffNgkBMo0xA3REykdJuPA2FJrgNgTbqIBF05jGskb62P04a1umOFvg
6264,https://www.simplyhired.com/job/NSEnD9SQTgxvb0tv5PftN7eYgyN4UC0v4DRk562eW6cCismzQ_Zwzw
6265,https://www.simplyhired.com/job/fZsQ1-BLhOEKxfoc8ifZsoJiVRFrmcWAcm0gr6tWVT-wu4mCc_IZdQ
6266,https://www.simplyhired.com/job/CY3-xU1vRpG8ifWDnXh7qcdpPxuVF2Gll7IGSD0gHrX4KnHMZxuokg
6267,https://www.simplyhired.com/job/prGNUcnrENUAIUTkbK1YfXeyf2A2fL4r3MWNrqF4ti-SJF2b7GnC4g
6268,https://www.simplyhired.com/job/NOAO8f6sERQ6o0cr_tO5GaJtZj6JUX924aF14E30itPkjv0mmG4p7w
6269,https://www.simplyhired.com/job/wjGBNKcUpd1nXdHo9BhrbcEEOvPbZDu4XCqbkQUvJ6K2RM7v3ZMCpA
6270,https://www.simplyhired.com/job/saNhE3X2VGCbhQ8zIT2wpdBfq6rIpKHLQtXClm7R-b8bOTgxa22OIg
6271,https://www.simplyhired.com/job/CkMmOJo9t17u2P-mFDIfvxjQyQ57PQPS6-_ubaXhocmsYLxsDTbLCQ
6272,https://www.simplyhired.com/job/SHpyMuti4ZIZUsiXYkeXaOkrFYJBhiOYFIS9bPT1TPMOilpo55GGew
6273,https://www.simplyhired.com/job/Ph1vWHLWXr_tYKemHUsiM7Por-8fTi-hrPoIWsg0nTPN7sO07F4IDw
6274,https://www.simplyhired.com/job/fgr_tdS3MUcD22jCzhZucEM_6T1JOzrKfywH-w-bxEMFYLMsN6rX3Q
6275,https://www.simplyhired.com/job/eqHNg8rP1aSdtOtz0DkbYkihOPfDGfvRPlv9Eph-vdFEQiftUzOL3Q
6276,https://www.simplyhired.com/job/yE5Bbg65O-dGX-YP3MEd6EyKBKmXfQFZukfI6sOCqalGypWh9V4O5w
6277,https://www.simplyhired.com/job/shqOgZazEGKHYYVcM-Tz0ocM7Mg-YfNpLhQZwxJYGNgbHwQ-gRK_ig
6278,https://www.simplyhired.com/job/QyR6j2D9xXh-JfLuK1pYdO_rnZearkJAPUChlgCZLUS5oIqOxM53Bw
6279,https://www.simplyhired.com/job/Pwg7aUqOgnw8dxb867kSEcw6FEuTFJa3dtQMjayvkpfVWdAzNPElAA
6280,https://www.simplyhired.com/job/IgViNQpozD8esB6CQvUmOpSdpthHYrHzU1BjEakQwdtw6alsUEj8Uw
6281,https://www.simplyhired.com/job/aJPlhPyrptJ4CAIIzyzL0xQ2hEnbdAPSxL6-ew6D0B28vzWgalmKeQ
6282,https://www.simplyhired.com/job/1jPHXkWZWfVp54_97_xfU7yp5AmVu1l3iuuT33JEjU5OzKVbVM9i8A
6283,https://www.simplyhired.com/job/HM-h4J5BxzX9dNbrm7GfA_SpyzpHn9hxA86n_141LF09H-sS9E6N6w
6284,https://www.simplyhired.com/job/h6nAF9GePVrCz-MoR20in2EY4cy9BeaK_rxv-R_s472mHA6ZjuipIQ
6285,https://www.simplyhired.com/job/1XylKEmwFy4C0Y95QOMW1JsdVpOwK0dFaILE0tWkz3UJu37RLjWfBg
6286,https://www.simplyhired.com/job/FZHDCxYGAjNJNP-pihUINxAex3RJPDnYD_TrZEa6QwvXr8mXdyVKjQ
6287,https://www.simplyhired.com/job/G8WBYObXB7nou07Qj-46C8XhRSYviZJQVALT3WtjdifAQQ5BmnQtFg
6288,https://www.simplyhired.com/job/DujrzcqBtxRRq-Qm7SjHctuOo1Ja8pZzwyJarZwkmxSEjUltcQ4GSw
6289,https://www.simplyhired.com/job/K9aX8heog6oDmEZKSeeT5XlPET7LGB3h6Tqu0CMGwUKLvTI1O4PpIw
6290,https://www.simplyhired.com/job/esjqp950sya6wG4cd6Yp75CYrHiwcqPF_y5aiyFJHCV-QpnleUbSuw
6291,https://www.simplyhired.com/job/SqHM5kB9a8j_KpEH6d4BoOKFQybUs91cEah-DOAtzE_Pb_CkSA1LEQ
6292,https://www.simplyhired.com/job/bvdtre9M-7Npvta4cEoabjv12tMd4Agq-MoLVPUAxOSu74q144deUQ
6293,https://www.simplyhired.com/job/nR-xc9EGx0ZvbWuE3sutIIofPou5uS6Mlu6qiDIISfd0XrXBCw_byA
6294,https://www.simplyhired.com/job/H4QnRltjBytkEB_gdcZCf9KZFKKh7RD5-ALP8e2DuJX9ujGOZMg1uQ
6295,https://www.simplyhired.com/job/odEnrf9Sy06muNvHheFhTmEfyUHhmY1tvmab1AO7Otg6_-aHDD84RA
6296,https://www.simplyhired.com/job/8oEJB9ydcxnEV-gBtElInwOLkXCdYSOLtgAhfuhSHy8DsWEXDTzhHw
6297,https://www.simplyhired.com/job/E8JB2N09gfeZM253gES-e1Jh8DMNY13IuKbQDcfMRouo5M50JV7lKA
6298,https://www.simplyhired.com/job/g1AyCsSbXGp4c4TkOmwVmu1az0vd3B77g2kcPASvRCOwSrIcN_qOSg
6299,https://www.simplyhired.com/job/qrlb0d2e1AhUYlcvKCYZMX83slrfK3BDg3NrMFxmf0nB_5YnnP-Hyg
6300,https://www.simplyhired.com/job/WSontcSsfipB7Vpnv7Zg4y_MDFs0sh3SDhM59idoaCh0x4fpFQtE5g
6301,https://www.simplyhired.com/job/cw9laLY9Fa7Oy05lRZ6UM1us_wCmbBHJDtl-Yq4KaTA_x84nhVAhuQ
6302,https://www.simplyhired.com/job/HOUyLeIQDIzf_gxKCePB4LvBauXN-cxF73tVtJ6S4SNxn6Vbqi1R1g
6303,https://www.simplyhired.com/job/iWKUnhdvJSptmZoY6y1W3CK9qlVkQPHpKXqnQtWXbapDl9ahSTyRIg
6304,https://www.simplyhired.com/job/tpkzPgTVmnqX5Zld9JRSXscNgGrHmUalFSSZnAByFwI60k_97EZ8Sw
6305,https://www.simplyhired.com/job/qx_8T-Z8gKuLkgCiPUzL6lwvUexIm4xx_bfEa20XbqO3sgfpMmb52w
6306,https://www.simplyhired.com/job/gEfd-pxzqB0ECKcwclnh2usQshn9SzzFcfhdJdfc4_Jn7Hwvodzfng
6307,https://www.simplyhired.com/job/RNmet-ruUG4Z2ZihvSOIEGbC4U615k1zFqKSMIsqTaNghigYY6mMtw
6308,https://www.simplyhired.com/job/1j04duihUk9ZQLSowT5xZLyt4DFntayU0HmEuAMWFYMReBagYf6KLA
6309,https://www.simplyhired.com/job/CbQRm-WZpoGD5lwOWCqOS92gsssfUcLy54Mih_0H8y-ATReo_tLUJw
6310,https://www.simplyhired.com/job/HHt0mj31lJn2GqDlHC-U0jlThis2dvPk1jvORimShf67y2qHD9S_xA
6311,https://www.simplyhired.com/job/icqfpp2ils0wUNThE-p8szC3K1S2GEGFFcaUWrS9mKDlMajPDO48bw
6312,https://www.simplyhired.com/job/Wp4vWifU9magAnHkXKJUPvpzc8CP_bV_e9OOTTFeRQ-ycgR2hhoDng
6313,https://www.simplyhired.com/job/_SAuVJLeUFyilpufLlVves_bHirAlwI3GRZy5VVBnYQ36sqySPn6kA
6314,https://www.simplyhired.com/job/zRnFRAeYy5aUaQ3KUj5gVi2y9kob_UNg0OYv59Je-aYeBfekVv1hHQ
6315,https://www.simplyhired.com/job/6KeKVXfhc5BpJXEjaTSCkRlYchcGfXPrAes4xyjnz4mg285n3XuJPQ
6316,https://www.simplyhired.com/job/SR69IryiuuzfylYfx_s2ZVm_G2cG_4PUJht2cNo_vYN1NG7toqg0MQ
6317,https://www.simplyhired.com/job/OuJyMFb9zQst28EuA_FO4KMyGFK7TwcbUIAlIseUOq7dGdby2B3XdQ
6318,https://www.simplyhired.com/job/7O49yVxoYMojWCUKTxgTCpwUzre1eEvud-z1mrkI39broQf_PGXnhw
6319,https://www.simplyhired.com/job/kMu__vQrRQnyghlKEyTAx9oBjGTeDGr133ys6s8F4hOCedex_snDOg
6320,https://www.simplyhired.com/job/lXDrCoOxj0AkMnPp5XQVAMG0D-Ev8vBQhKfCG4iNZjQFtPSQ9pJtiA
6321,https://www.simplyhired.com/job/YXClphqfSTdPCbnlMb8cj2yiG3-AUownR8DAO3Pe0zxRfLiyVkva0w
6322,https://www.simplyhired.com/job/2UUq4dKJ6mLC_qIfU1wFkEwaVMqGixDmwTJhG8okH8NRk8AkTRVhmA
6323,https://www.simplyhired.com/job/-wXJWpYGW2kExrMV5vbUCHLz3RWnqNpZjeVZhtGgua25IkJmkctx-w
6324,https://www.simplyhired.com/job/53tFPbbyTEJjWQHFWsPhVTFS4T5Kvm2uZeE4oslg22zwlWLT9n36EA
6325,https://www.simplyhired.com/job/rf29GqH3nt1WUU-FsG4MwVUWiQlEm8aVCCqoH3fgdUF11xrpsrCpPw
6326,https://www.simplyhired.com/job/78Y6Foomz9Lamin_pR-H3x1TTQNuCvt-nzttTKtg85N-Y8zK0S2PLQ
6327,https://www.simplyhired.com/job/PkgsM-TBqv28gVJRibVbntj-dkT1bSKH_eWeiNenXG3ffzymq3SmwA
6328,https://www.simplyhired.com/job/OYA3Jp7mt6ui085MVJ5TVNLf4bV5cZ2kAqK6UUPsJNIWrUzqIoHKaQ
6329,https://www.simplyhired.com/job/KkJqmZCSyS5jZPc4yYZjzK0LTBaNiypWrb9KiQqsdlKqD7dZG6rUTg
6330,https://www.simplyhired.com/job/8uU_HD-iBle2mjpPB0B4RRfcQ5X_V4Ovcv9bXts2DS3yhLuHT74tCw
6331,https://www.simplyhired.com/job/uk-I9tPZcShaFvVcTIqZM6aibdSmPTNDjYAJOrJOrAbW7FOcbfglpw
6332,https://www.simplyhired.com/job/hjNP_FjUjPcdTxFFviJi0tcWygPmVZAd81Ml9yHiV8q4JhdnZsoPiQ
6333,https://www.simplyhired.com/job/s4Nb1DGugXJBJWO-pvLWbgz1lQue_rdteLZOGHeeHzuwLYqGJtEFbQ
6334,https://www.simplyhired.com/job/OCztLkFdBs8wFjc1Zyo8yLT4fwCFbtSJLSm_OjE3KNSujlsTOIkZWw
6335,https://www.simplyhired.com/job/a07lezBKghGoAHVGPAdysDU-xZ7-BsT1tB4lwQdUMqyitFwwKZvwcA
6336,https://www.simplyhired.com/job/iPvo_Tleya6cRGFOByrzbuW5YrEWzLfzaWyZq_v497uGaVQwYZoezw
6337,https://www.simplyhired.com/job/H0-zrmVvvpPbJkSkokzk-4i7bAREqPKAuLEyeK1um3srUsJFuNLu6w
6338,https://www.simplyhired.com/job/C_XyjYMh_cLqMDV84eAGSnkpU3bBkufKVYdzebWwxTOirgAWuhdOQg
6339,https://www.simplyhired.com/job/brG21shCeGfENuMLHzwxi32VR1d_3jGVSR_LZsrbN4z1veCkcHXNXA
6340,https://www.simplyhired.com/job/rTpYzo-etyMF3lBjsCWYqgpizTz11i-ftNXjSnc2GgIBAMXctqXFPg
6341,https://www.simplyhired.com/job/aYS-m0hAdOLfjYyaoHf8b_gSCKWmSzgUevAqTzcTdlclFwNjhPdIpQ
6342,https://www.simplyhired.com/job/4CmuAABHeD4FLork3HEBwCLXj4QnS7EJ4bH85zB_BcVUkOLyYeyQmw
6343,https://www.simplyhired.com/job/KOZ3xVoVWw6m2NmRUa53vdJ2tBpLTwOGpvd27qoSO6F-BvO3qUkm5g
6344,https://www.simplyhired.com/job/f-6FzcBUdavta5Pt7zILgkJWhPNBIgLhATRL3HhxJGFzY_lC5YetqA
6345,https://www.simplyhired.com/job/bsFHqRWk0yX1XrezmnR2GlrgGKgDEwYrgRCe3RnF20E14l4voRHCMg
6346,https://www.simplyhired.com/job/p7ptXJu7gK_0_sywCDP_31VwWcDKMOLLB_8f1nlFQx96eyFVXL15Zw
6347,https://www.simplyhired.com/job/73LTt49hwSdmvTfOJyECWYEiWxj5AuHZ377NBkP9R8_1hkBcvsRmCg
6348,https://www.simplyhired.com/job/EhhN-TLWWj-7Fe1jwDW09GMYzEBQfwLjs92jUYWqzwwjMOx08RyP3A
6349,https://www.simplyhired.com/job/BEG0ZQ3i5PEcH0psnDGsp9Fxqi0TAqiDDQe7ztki_2I6C9fIYonAYQ
6350,https://www.simplyhired.com/job/A95czZ6Q7qz4nFVjrmvuRMwbtxzdJ1nCF8F8tcxu0gFvXmru_Ms-Rg
6351,https://www.simplyhired.com/job/oplk4xlFw-G-9AlNhML4apFG9hYImTnc0qprIirDPQzZhjxPHquCog
6352,https://www.simplyhired.com/job/WLDIO5hJUuKChQmvazpGVXmQWW3kogDvM8wJH1pysAoUNxIxuCYR-w
6353,https://www.simplyhired.com/job/a41_Yt9tWZJOXWUiS2dm-QvT6tSw-J1T9tjYG51jXXZvluNlUb8XNQ
6354,https://www.simplyhired.com/job/06-v4-rQLbEstwhSrlcGBDpjw-17hH0Z3p69bgihYSdv8V90Q3lt5w
6355,https://www.simplyhired.com/job/HdmpzDaWGx0xer_Cv0N5kQwg6Wk9TVqPANZ4oedpE22kV7mwtR5uXA
6356,https://www.simplyhired.com/job/EMdPocNg8VO9oykQ6lt85FNM7cPIotIMfW2uopu-Iq9XVFudeASWPw
6357,https://www.simplyhired.com/job/3B1zUjFJHgnV70NQ8QnKn8pITNwb_ANQbOKGCxubIXcDyuHWpSs4hA
6358,https://www.simplyhired.com/job/Q6ITeJ3RPPUPFZhvVB7WnYxFMegmy5Hk7wrhnnFIa3DmH2bxRx8yWQ
6359,https://www.simplyhired.com/job/Mr5wjJXhbSLbNepD5F1fLX38P-cvI-tZ-dF3ogxQ-3XPl5kxCz9pOA
6360,https://www.simplyhired.com/job/3KLXMNeEx-o4iQL_tWlq0PpdyOxYRwAsBvs659-y2kNKJvl6sFzX3w
6361,https://www.simplyhired.com/job/1DYxEl_jnUGdFoDq9pV1HmH-tiSuZVK1LNizYykhkZ9BNNbflZ3sWA
6362,https://www.simplyhired.com/job/lm7sZJgN4mQn0C3mjpoic8ziOjrpF5qFXTnhUKQFHS6iKf4gIkkvGQ
6363,https://www.simplyhired.com/job/eX6N8T-EnPzCpYCpR6Yue4bhoH23et-1hdpzXoDjOIq6MCrntL3F1w
6364,https://www.simplyhired.com/job/zakl69jNN0spk1N9JuQIiH2HgU6IBYdRKrWj8_CpsmvLblNpi1wtCA
6365,https://www.simplyhired.com/job/1Dtqrz2pLrsyUBrKg_bUbJr2ADuq-V4waW_nqJG5BtaU_jv3UOGLkQ
6366,https://www.simplyhired.com/job/-5PD7OUWcwY0XnDgoXJGfLSBaLgr5jzfskpqWtkJ1L4IHET-_kIyEg
6367,https://www.simplyhired.com/job/SnkbrFZETFnzxwmM-mni7fvR4lOiXbIfEm5wmCjcKyXdRKnHjk-C1A
6368,https://www.simplyhired.com/job/BPOFaX0cfmVTymALh9l7vC5oGe_TzIqgeoATmIP-V5BcWY0mh-5dvw
6369,https://www.simplyhired.com/job/i0Vga_LuwuESMRgin_9XnWzglP7gisxaxjEWF0O-PVY6nACKk9tvQQ
6370,https://www.simplyhired.com/job/6H-kudJaqQSBJ2JIjXcBpQK5xvM70jeklYFAvD0QBSvHjIzrl_NQSQ
6371,https://www.simplyhired.com/job/sZQY65kf0IWrMOV7ncKFXtTT39XfsBg8MtcQkGGulRYUSHyG58LGhA
6372,https://www.simplyhired.com/job/K7N4FJSyin1RHun2jl9-donCyLyIKTs4roGkuOaDEcEFrUwXqnzHcQ
6373,https://www.simplyhired.com/job/iSqCogDkjuA0l4UUc5v3bjo8rCzgD5fqoFF4SOxdf5TMnPRM6eQ15w
6374,https://www.simplyhired.com/job/OwpyrzTQm4lLMgUl2CwGLdjoEjLDGSRQqIkf952YZiBB2fqEa9RYag
6375,https://www.simplyhired.com/job/bzsi99q8v8gFPoLcWAIR8IN50Z9lE2SDFrRZCjzQcXgCpCHIzs-dsQ
6376,https://www.simplyhired.com/job/nRtsMOvH-Y97foZY6YOmHEy9279xp4rCb-RAIvzey0rh9dl0VbHLVA
6377,https://www.simplyhired.com/job/JeLQdQjY6r2iR3xD2kR8ylUnJotRvRcz0vL-hwxiteZ3THVhiDpL9Q
6378,https://www.simplyhired.com/job/0YlFBhIEk2PIxA6XkbtZJWT6Bw-mTu2Kyh79oZ8A_XPvGmyUmhRXTA
6379,https://www.simplyhired.com/job/jKQ3EIkdhln7FWDdsCPy04H0kyh-80inofwIiDL1ssEifO1pkwApBQ
6380,https://www.simplyhired.com/job/-HAZbkAAzo0bU1VL7am66UaCBzBe6h7YZVDF40rGcgdyMGwbAC-Uug
6381,https://www.simplyhired.com/job/Gcp4AOFa7DibI9jaO6CzIqBPiZMLt8MFaGfrHQZRnMENGXEenBX2HA
6382,https://www.simplyhired.com/job/SMSoJGFwY612TrimOJmGdiOyMRKRDoTLogy4Y1Uzn433BNco3BJVMQ
6383,https://www.simplyhired.com/job/hve1GXEgvIukG1vZoi00obd03lFsif_Iu0XQwgZS4cXfDyxttGiz5g
6384,https://www.simplyhired.com/job/Gk9X6JfO_gdtdC5hLw4OWG4CSWLydCwzTxZMb6zfZ3EVWmp3IN0Ibg
6385,https://www.simplyhired.com/job/3-wYdNJfCfEiwczV0JNPJX8_4D-rcLaqxi49xtO5w1nYjOfIzfNFwQ
6386,https://www.simplyhired.com/job/cKpGx75gH_Irt-boPWwaIJx-ozXETZFL-SFdHb2spM0t07rHit5Lbg
6387,https://www.simplyhired.com/job/jYMjLxvjctT9oave7wjAakK1vu0OXUEFK3EmPlCzvKj2ih-kXMnxhA
6388,https://www.simplyhired.com/job/E1plO1q1T7snVjQacOeidk_MlUiK0NfYsCZuZybhEHXFAoW655LttQ
6389,https://www.simplyhired.com/job/EMLcdq6_lsbz0SZcjj4AjHxFkRz2Rm3PxyywekfxifgUmSHwjjEPTQ
6390,https://www.simplyhired.com/job/MxzRPOYGPJZ2H01Ca_VCai8tAveHeloEKMif3e8lD9WSEh828CZeVA
6391,https://www.simplyhired.com/job/MWaf_VPE_NZPezkE4IhvkfUPXqMGMAGsTeX1VApsoSqi0MzlcMa1Tg
6392,https://www.simplyhired.com/job/81SlPTFQVdmMeO0fF_LVJCdopKsitV7dKQu-XQ0t73m8D0xQzKXdzQ
6393,https://www.simplyhired.com/job/4UK0WtuYUWdw_YQ9PfRojv2sP_ZklgoaLYZ7nsPibAcyOTjKHj7Iig
6394,https://www.simplyhired.com/job/3WabQoCeO0TtiKBTyO5JtBlkl2SuDQD3CisUY0rT42PeI_pLV0ahEA
6395,https://www.simplyhired.com/job/jzm1HJ9FUZlgehYwezniZOdsYMXgDD9WY6lLVyhf5oc4OceK3g70Kw
6396,https://www.simplyhired.com/job/fMYUsA6l8angUBqarTFO02D4ThMtg200qXUt8_aGtdwbPY0tLA-g-w
6397,https://www.simplyhired.com/job/QXhCE2GuDY-d-c3-jW6ehZfM6chDgrMlTqGM5nF4czrJCSrPvuxnIg
6398,https://www.simplyhired.com/job/iugSOcnsE00oUHgvajtHtISj1rDjRMIfEXR8KyNlve8Sz9cZajYh8w
6399,https://www.simplyhired.com/job/65AsUol-pJM-0HYSJzR4exWxiOB2bisU9UWtPuBY041gzoopPfmo5g
6400,https://www.simplyhired.com/job/8IWa3t1n2lkmOCNn3ZuB4EXIsA0POmkBrJ_zPQIFe9Cm_y3-EbtAxQ
6401,https://www.simplyhired.com/job/HSHord_XUx6XSZ-CWSevQZ4Wpje7-OlBUVAntvIOAOGfq-ZocjrlHg
6402,https://www.simplyhired.com/job/5q5zlLr2EFAgjqt5GDt-4-LBWtzxdrzs7k-5BHDmFUlh69fn_O7wtA
6403,https://www.simplyhired.com/job/T260onMWulo9mztJPgAxP52sxfrW4nPPMMguoXnVM_TZtBRkcFsvpw
6404,https://www.simplyhired.com/job/0luxNDxp1pIfsKWv0cOmxNnSyOGM-7SrlrdnAGnhnO-MAs4aHtMZ0g
6405,https://www.simplyhired.com/job/CZHUxDySFQxW7AgymQR3fgLaEOda4VJxW7LfjXEb0E8__oaIj1WHug
6406,https://www.simplyhired.com/job/sHOTzc2mIiMse93ji_3NUCjbR4rXynyg2Os3BLlDM3dbUKlVAjyWDQ
6407,https://www.simplyhired.com/job/CBRVDo9z30-a9eWBMqtRZ2Cy6cWdL0xaE9bSJiB9UWbIGXGtYySgjg
6408,https://www.simplyhired.com/job/ONB9K8YyRQJinz0bN1rj623qnJ22DNwldItdSA_vD5tuRiOUzqa3RQ
6409,https://www.simplyhired.com/job/0KFdbZTHo06Mzk8s9qcrK3RpCT6m2BkXebfpI2XodBWSNALyKK-02g
6410,https://www.simplyhired.com/job/Cq-QuTItnmOmRaD587VT2q-JXcnwhL_L9z5Q0vrRsV7mPH9eg-Gdgw
6411,https://www.simplyhired.com/job/gP268nVCCS6p4rkQ39NQCtVZRHjVYpEw1NuHR7fRjAK-dRoS5uavRQ
6412,https://www.simplyhired.com/job/EP5wAumA6g0YtRwzyndDl6ERuoZIRC8KCf9oA-AD81_qgCxqYjZgug
6413,https://www.simplyhired.com/job/KtNejKFyOrDFy8knV9CBhQ_3x_7U0GQLK2mJn_C_2ZdUM5b3UxdGxA
6414,https://www.simplyhired.com/job/uo5PRGPjt1Q1wJUzDxlTXs5YF0I4GZIxVMjRkvp5JnzqEhSdg0gzOg
6415,https://www.simplyhired.com/job/c8-jljGSeXtUmfSemb3-FGoqRWcZKK4jzNt30MF8AiKKEhYsLwCbtA
6416,https://www.simplyhired.com/job/DEBw2ZPQxwfwxXRcUgrgN9RPwGQu40k6_usV--5jmRb6H40FxaXOTw
6417,https://www.simplyhired.com/job/GrtOTQj86agNGYHWCfyHwdWjjZWKTC70uKCYGznr086Ny4K0Sxdjvg
6418,https://www.simplyhired.com/job/BMOtsaTYn79fVcxho0GskwqF3u1iZcX_uHT4f7Pusf977pQCQ9alkw
6419,https://www.simplyhired.com/job/2RiojmGoWbaOrSU6OtAxwrxEb48laGIk8R_EpfzCcV_up0xKu_qqJg
6420,https://www.simplyhired.com/job/-olE1rrLmRG37vLj3tn_gKwww9roc13vM6OIc-zw1_7riXFCWDPZSA
6421,https://www.simplyhired.com/job/lcmkr_cryDWdD9d86rSHgoR8u7lh0hEgyclJeE2hBOGHy-OoPhMO3Q
6422,https://www.simplyhired.com/job/_x1gBaAs2-36lsyOpBsJifGWZg8CkQIGB8r_B6CyDjqwsaYE5vJOwg
6423,https://www.simplyhired.com/job/HNT81p91whGlv52FZOmdPasVQJMZDBUrUZP5nJ-c-X4_brBUUBdjUQ
6424,https://www.simplyhired.com/job/BKia53gApieEDyxwKZMRgvodcaru0aaOGYrJEQz1rY8-8qgt574d8Q
6425,https://www.simplyhired.com/job/80sjiERtyCPM5pYxpFn7rEmw9pv46AwvBICP7N3YlnFaLFp1UAR_ag
6426,https://www.simplyhired.com/job/oRj73bqtkJ1tKSlLUapS3WRbKnbe94gQpntCPtDBj2zgX46bPNzLvg
6427,https://www.simplyhired.com/job/c0LAyTBHhLi-uOYw5Nd9ze6dr0oryfBDB6qsU2sDPgb1NRSQ-4PtjQ
6428,https://www.simplyhired.com/job/-W3rnfjnMlXEcIR8EjV-sE5VpycgblLoCx70J_NzpuiltBhx-flnJA
6429,https://www.simplyhired.com/job/RnIFZvbF-RNVSwqSE4-0gM02fjsFD5zNUMq4rpI5xdtHmnq5gDccyA
6430,https://www.simplyhired.com/job/NP_9ATNYXM-LkRf49pDg98SO9LM_7XNYd1uoPIVC9mt9GHSKf476TQ
6431,https://www.simplyhired.com/job/U2nGUUIegWwaVEbNZNSg_8qWl5vgetTw6uXNOcxxVjaaQJpVvyNg_A
6432,https://www.simplyhired.com/job/DcQwrI5DNAt5WX8FT8LUOk_Cdj68BiFJuFbPcQpBsPyoDieWZ-we-g
6433,https://www.simplyhired.com/job/QTXB22d_XwcAbDkKEGJJ_cB60rREHPmmYCFYupQVpe8IgPkS6VyQsg
6434,https://www.simplyhired.com/job/qEVciRngIZgASVAd6VC0uQ6V-BHztC8nZr9IiaPo2AfUY-9X2LCrog
6435,https://www.simplyhired.com/job/RBjPOzleaJFkGl4h7KfQaPoxzgMCyxDTAhsbUvnWBRw5prhzU81Itg
6436,https://www.simplyhired.com/job/GViyZApL5SbE7w8PEgL8Lt7S8DJxUX66JoIAK0b_M0LIuJzpoNDD5w
6437,https://www.simplyhired.com/job/w2f0MxtkZXGrzPMNwNjVWmaJ0ZoL_CGOFdHKq8ZsttUU6TO7VoCr-w
6438,https://www.simplyhired.com/job/e5xCfSUVenzZrOTIJ9llFqysBmt7ByhoI9haUKCRbgTfWqXpXT4arg
6439,https://www.simplyhired.com/job/X57RTWplZXF8l69-4zJGrq3_I0YIlbi0B3hBC2zbINfVKxAbi8aaJA
6440,https://www.simplyhired.com/job/X29Ai8SrTePyp0u009SoXjlYcaqzGm56WzReeYy3x0wt7mb40Rei3g
6441,https://www.simplyhired.com/job/fkMpSmoituzSU2bd4NHb96-n3YqxGbY6_RuJj9x1MbrBn4ulb_Kr1A
6442,https://www.simplyhired.com/job/_DMhRdpHRbrTKjzgacGNFrwPSlB31u8IsmE1Ioo-6n9MDzT_Bm1-0w
6443,https://www.simplyhired.com/job/YvyJWNHphFRUKWOfM-5FlpSzKqDIPHFZwaQJkBlJdgdBRtNWycHv0w
6444,https://www.simplyhired.com/job/QGFMl2xw1OOCKYoENAaOAQ1DqFmZguoL5uFetSSY5TVXptSbW6_0DQ
6445,https://www.simplyhired.com/job/fwGKWmw1kPd4yqrrQpPNwDeixMrKIyNqY7dHo_6wu1Be9_igUntgFQ
6446,https://www.simplyhired.com/job/SIrS8SZYDZYE7_JxOkzSQcujx7zFnk9SjIIjjQy74yVps3VakceqoQ
6447,https://www.simplyhired.com/job/o1bmBb7TPq3vGvGWwvU6nedXz95daRusxnMeLVX12AyOb_LpZEffkQ
6448,https://www.simplyhired.com/job/2e-ccKi-DsknFGGe10AQVV6FEk_zXIbu93nSdZg1KM0znbGi_WuyBQ
6449,https://www.simplyhired.com/job/kZijFNWmwxeae5I8t_Gv526381tWsiEbddOWNxl-WWwPUW1o6wLhYw
6450,https://www.simplyhired.com/job/Rw4U80ANFkF5bHVTs9B66j86PlWkQTR-5QEx23c_NHfy-t4clUv9sA
6451,https://www.simplyhired.com/job/YoGEIoARJC0DNKXQEQsOuyj3pfCSNfEDYnB62Zn38TnpWm0KpMxRTQ
6452,https://www.simplyhired.com/job/5hxrueXCqcHl6W0hG8zSzqoXRTgmgw5AK1WUsZkR6T7TQKCQjFZ8iw
6453,https://www.simplyhired.com/job/HreHUEVXwrkdaHITm7RiZcz2YVWId-ZiD-geSlQDrqkvd3g0X5oARA
6454,https://www.simplyhired.com/job/-pyr2JE8wPZWC6ySTQOshO-5dZxBaaaBF1nafGJ1m8Jvp_Kj0Kr_jw
6455,https://www.simplyhired.com/job/Z60bPAypXfOUXQNcm_JX2XsKX7hoOHxfLtCGInIDh0RV6Br3F3S3TQ
6456,https://www.simplyhired.com/job/M1CnQqzyJf9xFSOh91d5tkJ7-2dst4xuMbAr83EL02LQY6Hc1MK-nw
6457,https://www.simplyhired.com/job/Z1strOHdJR56v6rDedvJcIO8pf2xC8v02Bei0kUoXq4hTEfS0T3TpQ
6458,https://www.simplyhired.com/job/5voLjCmzzXqOvMdmtgd_B5cgkBCLx5aCdtk_sAsg1oEW7nwwlelmhg
6459,https://www.simplyhired.com/job/nck32v1EZNOsE2II4rnR3XJuwpj3A6WatJQ4gLbJt4LVXcXDO4Hazg
6460,https://www.simplyhired.com/job/TPhEXKp-gdiZredTlUirYK7vj0yJx2cibQFpHp9awnnnVCCmjW4FBw
6461,https://www.simplyhired.com/job/9BvJiIQ4T6OkZ0zcp7qN1w6BFyU6Py5U7_8VAtQ_r8q61-5bWq6aMA
6462,https://www.simplyhired.com/job/yeJadga4rpvimCPHm74CO5Sb73Q_WxFEcrOeTv5r7GH6KQ47PQWqkg
6463,https://www.simplyhired.com/job/tx1Z32fP2k9tGGyIDLZTqIUq1R_gtP8rSjFavq7crsRHAy_pQdv6jw
6464,https://www.simplyhired.com/job/n2O6B39mdvKqxQKWWyz0zBnkQex-fk2nY1SO0J21SKr-2mSeLSQiFQ
6465,https://www.simplyhired.com/job/0eNoyyzrKsnyLcz58_4jlWeBTnxxeUZ4qCvTMEczxZ5QleHE07raDA
6466,https://www.simplyhired.com/job/5zivGEHrBoVhbSSstKv2vyX7yPm1RUnr-m88iyZhYYXUig835XRMEA
6467,https://www.simplyhired.com/job/fZ4ILrH08SrwEugYP96VHS6-fTtg-fbfATK-WMNk7nW1JqknHFiE9w
6468,https://www.simplyhired.com/job/0ewsf7GXypnw6hN3i6R6QE_ujTD8L5Fgbg5HJjKfHzVlpmr_hQcKSA
6469,https://www.simplyhired.com/job/St0MEIXIAKkZwpBs8WdrmVCVY2vfTorsEyW6anqhZ8H6tj9GZxzAvw
6470,https://www.simplyhired.com/job/0CzyTdCPNIVW4Q5yZ46aFp6ho84VhP14fSQDYXT_FZPEoUn_V45FSw
6471,https://www.simplyhired.com/job/B3PoT3tV8icZlwHh9vg5LTl5E_p9eSaJHmg01z_oddo8NYbUGI55ng
6472,https://www.simplyhired.com/job/jhLjt_fjI_G4tCSRD9o0RHaoDELkBg7hZj-Y-OqCVMp9e5UuMtLepA
6473,https://www.simplyhired.com/job/2rnPFh2o0uydJuLqYv7byq84Mm3RGIih-Nwk8z1FTH8XnujWPyddUA
6474,https://www.simplyhired.com/job/b5PUdwEpoVvuTrsSWhkWcibIDZM6SYYpfoTPJsFgxjE5dtka_xGOrA
6475,https://www.simplyhired.com/job/HUUaeBjE8AB7MkLkPXgkwN70DTIp9SVq2YS6bF69OrmreN2LnpY_JQ
6476,https://www.simplyhired.com/job/EaJKDsAdq9zq8XBuhisaV3cVBAL4E-csD6cTLHj8WiKrU_xSE9_v6w
6477,https://www.simplyhired.com/job/Z4o2Ixu0QczNCBVf57x8kREUvjAH369xamNWxyWNXWynhbgCs_bprQ
6478,https://www.simplyhired.com/job/4WwuzQLhk6QenBVZz9p_sQVYs4DlkRBlbGfKBdfgW0WH-XHuG4V1tg
6479,https://www.simplyhired.com/job/jVNfvYtTkoobkp8XrZMyGjMnFrYSj_JwciTmhdpNkG1IrxIGVs5bOA
6480,https://www.simplyhired.com/job/PCSvLkolARTD2M8_TkrHrnsgXVICx9kb7Geu8l-RijXFJOrTbyFBbQ
6481,https://www.simplyhired.com/job/RD7hioM33tKAOHZ240rUHijPPVq1p9Jt1er4gR9IB6PHZlFY6-YfxQ
6482,https://www.simplyhired.com/job/D4XWF-Jni-yIDS84pNwnQ2hji2OnCN0M4RNcWJW85t-GKrCGOPrA9Q
6483,https://www.simplyhired.com/job/kO4og3jkXNmSZF6cOsRTh-qxVH3Qw9YYU5tQ41Q-dqiUN4W-TDwoRw
6484,https://www.simplyhired.com/job/9EYh7R69IVdb2iDFpFtRYVy_BzXuEAk0jLsoS-jgSy_cC10OyUaGQA
6485,https://www.simplyhired.com/job/y1vrFQ6bQ0ZfLi9uTRJdpWJGwHZIxtFdP8nYQDSdyteL_afrIMwbag
6486,https://www.simplyhired.com/job/S1_ey-_pyF406uoFLErww_gOiSH4WIw0v2gu5tNwWwulU-g4wdC0Vw
6487,https://www.simplyhired.com/job/_X2Ske206cQtR6LSBLivvbMwnCCz9afo6DGToLMuyCi2Q2ggqn02xQ
6488,https://www.simplyhired.com/job/i98AMbGvLeDIhBwD8czGnplmUvN5THQFdJgK8k62XVFbHApVgpxqsQ
6489,https://www.simplyhired.com/job/_myLHYI5WYLC-4YH86qHxxlpmXKxsXq5zF-3FoG7HYxK9MrDxWi58w
6490,https://www.simplyhired.com/job/B-GwZrDYf4viSD-HKiF_KWB2gwC2xDKPxEMLQqGDBP7Mov2GAsCrrQ
6491,https://www.simplyhired.com/job/JPTr7SFs3vFxK7I1kX7KyNqsSze1vjSkM6iRFRbjMSSzegcPvLY-CA
6492,https://www.simplyhired.com/job/xXLcliEiumUOF0z2vTfbUfrBPv86E_NB1U4lNN3_cvMISG3RsM91nQ
6493,https://www.simplyhired.com/job/tXtWaFVKYa1gEPkWL87kWSy-mNks6k0uYrVd1eP_kztmqHzuh5ixUg
6494,https://www.simplyhired.com/job/4zSikC_mOYUvJkDMeQB-bXhh6Tn6Y1FjOxiPbcOcTodg_x5IpEzvIQ
6495,https://www.simplyhired.com/job/UFUAZHh5bAUkPIWX2J70SJqxof3f3wjzzTj-Q9_8tqXeA7OPKzfXbA
6496,https://www.simplyhired.com/job/K2AL-kEEs0uUzP9LmHREGiZFkNu0N65DBHxroFCIbgHjz9xlz7HfFA
6497,https://www.simplyhired.com/job/upOE9eJcr-VHXB5u9xqoi368-WBKlEJwEp9vUhjLeD-gUW_3ABJU3w
6498,https://www.simplyhired.com/job/rOO9cjL-A7KkGeMwiGJ105DaqwRtGbg7WCHQ2zsc-RWjnM1_6RAULg
6499,https://www.simplyhired.com/job/knfcuKMhmEsJVYv2PvumMVvBn_38NxifUpQl20SxbugYrt7g9xRBQA
6500,https://www.simplyhired.com/job/6AxcisuX7pGKgc0M1ExDZXv1BwgBONT9dDVQJ2AjcsAxLkKBcUkd7g
